{
    "m": 1.0,
    "k": 10.0,
    "c": 1.0,
    "l": 1.0,
    "dt": 0.1,
    "T": 30.0,
    "drive_type": "wavy_decay",
    "drive_param": {
        "A": 0.5611791222017404,
        "w": 3.636691410917311,
        "b": 1.3370482729915567
    }
}