{
    "m": 1.0,
    "k": 10.0,
    "c": 1.0,
    "l": 1.0,
    "dt": 0.1,
    "T": 30.0,
    "drive_type": "wavy_decay",
    "drive_param": {
        "A": 1.4589633495230987,
        "w": 2.9441896002997963,
        "b": 0.43431421436390993
    }
}