{
    "m": 1.0,
    "k": 10.0,
    "c": 1.0,
    "l": 1.0,
    "dt": 0.1,
    "T": 30.0,
    "drive_type": "wavy_decay",
    "drive_param": {
        "A": 1.182409377698909,
        "w": 1.9958589649556422,
        "b": 0.9499016920595456
    }
}