{
    "m": 1.0,
    "k": 10.0,
    "c": 1.0,
    "l": 1.0,
    "dt": 0.1,
    "T": 30.0,
    "drive_type": "wavy_decay",
    "drive_param": {
        "A": 0.6857481485892711,
        "w": 8.827403729411458,
        "b": 1.1334437409089582
    }
}