{
    "m": 1.0,
    "k": 10.0,
    "c": 1.0,
    "l": 1.0,
    "dt": 0.1,
    "T": 30.0,
    "drive_type": "wavy_decay",
    "drive_param": {
        "A": 0.48902611196983825,
        "w": 3.682082167724221,
        "b": 0.8281648301611051
    }
}