{
    "m": 1.0,
    "k": 10.0,
    "c": 1.0,
    "l": 1.0,
    "dt": 0.1,
    "T": 30.0,
    "drive_type": "wavy_decay",
    "drive_param": {
        "A": 0.6425306832469292,
        "w": 4.9516970486098035,
        "b": 1.3563079929156463
    }
}