{
  "Drive_Pos [x(t)]": {
    "min": 0.0,
    "max": 0.9999999917479964
  },
  "Drive_Vel [vx(t)]": {
    "min": -0.6531681397535211,
    "max": 2.421128600470777
  },
  "Drive_Acc [ax(t)]": {
    "min": -4.753432194328677,
    "max": 2.2016648898637734
  },
  "Mass_Pos [p(t)]": {
    "min": -1.981,
    "max": -0.6316252549571482
  },
  "Mass_Vel [v(t)]": {
    "min": -1.5882887529045548,
    "max": 1.9376794176327443
  },
  "Mass_Acc [a(t)]": {
    "min": -5.787087415352826,
    "max": 5.891939574842583
  }
}