{
    "m": 1.0,
    "k": 10.0,
    "c": 1.0,
    "l": 1.0,
    "dt": 0.1,
    "T": 30.0,
    "drive_type": "wavy_decay",
    "drive_param": {
        "A": 1.0298079131443307,
        "w": 6.466737722477983,
        "b": 1.4165838689805657
    }
}