{
    "m": 1.0,
    "k": 10.0,
    "c": 1.0,
    "l": 1.0,
    "dt": 0.1,
    "T": 30.0,
    "drive_type": "wavy_decay",
    "drive_param": {
        "A": 1.2692313243186668,
        "w": 9.298261425882517,
        "b": 0.45320038023724163
    }
}