{
    "m": 1.0,
    "k": 10.0,
    "c": 1.0,
    "l": 1.0,
    "dt": 0.1,
    "T": 30.0,
    "drive_type": "wavy_decay",
    "drive_param": {
        "A": 1.277940333594617,
        "w": 9.269129028450335,
        "b": 0.4923537207684059
    }
}