{
    "m": 1.0,
    "k": 10.0,
    "c": 1.0,
    "l": 1.0,
    "dt": 0.1,
    "T": 30.0,
    "drive_type": "wavy_decay",
    "drive_param": {
        "A": 0.43707533980410307,
        "w": 9.302042963240998,
        "b": 0.8750801867391861
    }
}